Date,Match,Pari,Cote
2026-01-02 19:46,Vallecano réussit 9 tirs cadrés ou + & obtient 9 corners ou + . Cote 40,Boost,,boostée - Les meilleures cotes boostées du jour en France
2026-01-02 19:46,Vallecano réussit 9 tirs cadrés ou + & obtient 9 corners ou + . Cote 40,Boost,"{""@context"":""https://schema.org"",""@graph"":[{""@type"":""WebPage"",""@id"":""https://www.transfermarkt.fr/paris-sportifs/cotes-boostees/"",""url"":""https://www.transfermarkt.fr/paris-sportifs/cotes-boostees/"",""name"":""","boostée - Les meilleures cotes boostées du jour en France"",""isPartOf"":{""@id"":""https://www.transfermarkt.fr/paris-sportifs/#website""},""primaryImageOfPage"":{""@id"":""https://www.transfermarkt.fr/paris-sportifs/cotes-boostees/#primaryimage""},""image"":{""@id"":""https://www.transfermarkt.fr/paris-sportifs/cotes-boostees/#primaryimage""},""thumbnailUrl"":""https://www.transfermarkt.fr/paris-sportifs/wp-content/uploads/sites/6/2024/08/pmu_cotes_boostees.png"",""datePublished"":""2023-08-04T10:52:22+00:00"",""dateModified"":""2025-10-21T13:19:26+00:00"",""description"":""Qu'est-ce qu'une cote boostée ? Tout savoir sur les cotes boostées en France et dans le monde. Quels bookmakers en proposent ?"",""breadcrumb"":{""@id"":""https://www.transfermarkt.fr/paris-sportifs/cotes-boostees/#breadcrumb""},""inLanguage"":""fr-FR"",""potentialAction"":[{""@type"":""ReadAction"",""target"":[""https://www.transfermarkt.fr/paris-sportifs/cotes-boostees/""]}]},{""@type"":""ImageObject"",""inLanguage"":""fr-FR"",""@id"":""https://www.transfermarkt.fr/paris-sportifs/cotes-boostees/#primaryimage"",""url"":""https://www.transfermarkt.fr/paris-sportifs/wp-content/uploads/sites/6/2024/08/pmu_cotes_boostees.png"",""contentUrl"":""https://www.transfermarkt.fr/paris-sportifs/wp-content/uploads/sites/6/2024/08/pmu_cotes_boostees.png"",""width"":400,""height"":102,""caption"":""odd boost pmu sport""},{""@type"":""BreadcrumbList"",""@id"":""https://www.transfermarkt.fr/paris-sportifs/cotes-boostees/#breadcrumb"",""itemListElement"":[{""@type"":""ListItem"",""position"":1,""name"":""Home"",""item"":""https://www.transfermarkt.fr/paris-sportifs/""},{""@type"":""ListItem"",""position"":2,""name"":"""
2026-01-02 19:46,Inconnu,Boost,,s boostées
2026-01-02 19:46,Vallecano réussit 9 tirs cadrés ou + & obtient 9 corners ou + . Cote 40,Boost,,s boostées
2026-01-02 19:46,Vallecano réussit 9 tirs cadrés ou + & obtient 9 corners ou + . Cote 40,Boost,Vallecano réussit 9 tirs cadrés ou + & obtient 9 corners ou + .,40
2026-01-02 19:46,"Rayo Vallecano et Vitoria Guimaraes gagnent 2-1, 3-1 ou 4-1. Cote 40",Boost,"Rayo Vallecano et Vitoria Guimaraes gagnent 2-1, 3-1 ou 4-1.",40
2026-01-02 19:46,Mali - Tunisie : Match nul. Cote 2.76,Boost,Mali - Tunisie : Match nul.,2.76
2026-01-02 19:46,Afrique du Sud - Cameroun : Cameroun gagne. Cote 2.49,Boost,Afrique du Sud - Cameroun : Cameroun gagne.,2.49
2026-01-02 19:46,Toulouse - RC Lens : Match nul. Cote 3.32,Boost,Toulouse - RC Lens : Match nul.,3.32
2026-01-02 19:46,Toulouse - RC Lens : Chaque équipe reçoit 2 cartons ou + dans chaque mi-temps. Cote 70,Boost,Toulouse - RC Lens : Chaque équipe reçoit 2 cartons ou + dans chaque mi-temps.,70
2026-01-02 19:46,AC Milan réussit 9 tirs cadrés ou + & obtient 10 corners ou +. Cote 40,Boost,AC Milan réussit 9 tirs cadrés ou + & obtient 10 corners ou +.,40
2026-01-02 19:46,"Milan, RC Lens et Rayo Vallecano gagnent. Cote 9",Boost,"Milan, RC Lens et Rayo Vallecano gagnent.",9
2026-01-02 19:46,Getafe et Toulouse gagnent. Cote 12,Boost,Getafe et Toulouse gagnent.,12
2026-01-02 19:46,"Cagliari, Milan AC et Toulouse marquent dans les 2 mi-temps. Cote 85",Boost,"Cagliari, Milan AC et Toulouse marquent dans les 2 mi-temps.",85
2026-01-02 19:46,Vallecano réussit 9 tirs cadrés ou + & obtient 9 corners ou + . Cote 40,Boost,,s boostées PMU – Parions Sport – GenyBet
2026-01-02 19:46,Vallecano réussit 9 tirs cadrés ou + & obtient 9 corners ou + . Cote 40,Boost,"PMU – Avec Parions Sport, PMU est sans doute le bookmaker le plus connu en France. Traditionnellement dédié aux paris hippiques, PMU s’est depuis largement développé sur la partie Sport. Le nombre de boosts ou de Super","n’est pas énorme, mais le bookmaker les choisit de manière très réfléchie. Pour un match ou un événement, il peut y avoir plusieurs offres, celles-ci sont directement affichées dans la rubrique “Super"
2026-01-02 19:46,Vallecano réussit 9 tirs cadrés ou + & obtient 9 corners ou + . Cote 40,Boost,,s boostées Parions Sport
2026-01-02 19:46,Vallecano réussit 9 tirs cadrés ou + & obtient 9 corners ou + . Cote 40,Boost,,s boostées Genybet
2026-01-02 19:46,Vallecano réussit 9 tirs cadrés ou + & obtient 9 corners ou + . Cote 40,Boost,GenyBet – Le site de paris sportifs Genybet mise également sur la qualité plutôt que sur la quantité. Genybet appelle ses cotes boostées « Super,"» comme d’autres concurrents. Celles-ci sont généralement disponibles le jour même et renouvelées quotidiennement. Avec notre liste de cotes boostées pour aujourd’hui et les prochains jours, vous ne manquerez aucune cote augmentée chez Genybet."
2026-01-02 19:46,Vallecano réussit 9 tirs cadrés ou + & obtient 9 corners ou + . Cote 40,Boost,,s boostées Winamax
2026-01-02 19:46,Vallecano réussit 9 tirs cadrés ou + & obtient 9 corners ou + . Cote 40,Boost,,s boostées Unibet
2026-01-02 19:46,Vallecano réussit 9 tirs cadrés ou + & obtient 9 corners ou + . Cote 40,Boost,Dans sa section “Super,"s Boostées”, Unibet met en avant des cotes variées sur différents sports et non uniquement sur le football."
2026-01-02 20:23,Mali - Tunisie : Match nul. Cote 2.76,Boost,,boostée - Les meilleures cotes boostées du jour en France,,
2026-01-02 20:23,Mali - Tunisie : Match nul. Cote 2.76,Boost,"{""@context"":""https://schema.org"",""@graph"":[{""@type"":""WebPage"",""@id"":""https://www.transfermarkt.fr/paris-sportifs/cotes-boostees/"",""url"":""https://www.transfermarkt.fr/paris-sportifs/cotes-boostees/"",""name"":""","boostée - Les meilleures cotes boostées du jour en France"",""isPartOf"":{""@id"":""https://www.transfermarkt.fr/paris-sportifs/#website""},""primaryImageOfPage"":{""@id"":""https://www.transfermarkt.fr/paris-sportifs/cotes-boostees/#primaryimage""},""image"":{""@id"":""https://www.transfermarkt.fr/paris-sportifs/cotes-boostees/#primaryimage""},""thumbnailUrl"":""https://www.transfermarkt.fr/paris-sportifs/wp-content/uploads/sites/6/2024/08/pmu_cotes_boostees.png"",""datePublished"":""2023-08-04T10:52:22+00:00"",""dateModified"":""2025-10-21T13:19:26+00:00"",""description"":""Qu'est-ce qu'une cote boostée ? Tout savoir sur les cotes boostées en France et dans le monde. Quels bookmakers en proposent ?"",""breadcrumb"":{""@id"":""https://www.transfermarkt.fr/paris-sportifs/cotes-boostees/#breadcrumb""},""inLanguage"":""fr-FR"",""potentialAction"":[{""@type"":""ReadAction"",""target"":[""https://www.transfermarkt.fr/paris-sportifs/cotes-boostees/""]}]},{""@type"":""ImageObject"",""inLanguage"":""fr-FR"",""@id"":""https://www.transfermarkt.fr/paris-sportifs/cotes-boostees/#primaryimage"",""url"":""https://www.transfermarkt.fr/paris-sportifs/wp-content/uploads/sites/6/2024/08/pmu_cotes_boostees.png"",""contentUrl"":""https://www.transfermarkt.fr/paris-sportifs/wp-content/uploads/sites/6/2024/08/pmu_cotes_boostees.png"",""width"":400,""height"":102,""caption"":""odd boost pmu sport""},{""@type"":""BreadcrumbList"",""@id"":""https://www.transfermarkt.fr/paris-sportifs/cotes-boostees/#breadcrumb"",""itemListElement"":[{""@type"":""ListItem"",""position"":1,""name"":""Home"",""item"":""https://www.transfermarkt.fr/paris-sportifs/""},{""@type"":""ListItem"",""position"":2,""name"":""",,
2026-01-02 20:23,Mali - Tunisie : Match nul. Cote 2.76,Boost,,s boostées,,
2026-01-02 20:23,Mali - Tunisie : Match nul. Cote 2.76,Boost,,s boostées PMU – Parions Sport – GenyBet,,
2026-01-02 20:23,Mali - Tunisie : Match nul. Cote 2.76,Boost,"PMU – Avec Parions Sport, PMU est sans doute le bookmaker le plus connu en France. Traditionnellement dédié aux paris hippiques, PMU s’est depuis largement développé sur la partie Sport. Le nombre de boosts ou de Super","n’est pas énorme, mais le bookmaker les choisit de manière très réfléchie. Pour un match ou un événement, il peut y avoir plusieurs offres, celles-ci sont directement affichées dans la rubrique “Super",,
2026-01-02 20:23,Mali - Tunisie : Match nul. Cote 2.76,Boost,,s boostées Parions Sport,,
2026-01-02 20:23,Mali - Tunisie : Match nul. Cote 2.76,Boost,,s boostées Genybet,,
2026-01-02 20:23,Mali - Tunisie : Match nul. Cote 2.76,Boost,GenyBet – Le site de paris sportifs Genybet mise également sur la qualité plutôt que sur la quantité. Genybet appelle ses cotes boostées « Super,"» comme d’autres concurrents. Celles-ci sont généralement disponibles le jour même et renouvelées quotidiennement. Avec notre liste de cotes boostées pour aujourd’hui et les prochains jours, vous ne manquerez aucune cote augmentée chez Genybet.",,
2026-01-02 20:23,Mali - Tunisie : Match nul. Cote 2.76,Boost,,s boostées Winamax,,
2026-01-02 20:23,Mali - Tunisie : Match nul. Cote 2.76,Boost,,s boostées Unibet,,
2026-01-02 20:23,Mali - Tunisie : Match nul. Cote 2.76,Boost,Dans sa section “Super,"s Boostées”, Unibet met en avant des cotes variées sur différents sports et non uniquement sur le football.",,
2026-01-03 19:16,Afrique du Sud - Cameroun : Cameroun gagne. Cote 2.49,Boost,,boostée - Les meilleures cotes boostées du jour en France,,
2026-01-03 19:16,Afrique du Sud - Cameroun : Cameroun gagne. Cote 2.49,Boost,"{""@context"":""https://schema.org"",""@graph"":[{""@type"":""WebPage"",""@id"":""https://www.transfermarkt.fr/paris-sportifs/cotes-boostees/"",""url"":""https://www.transfermarkt.fr/paris-sportifs/cotes-boostees/"",""name"":""","boostée - Les meilleures cotes boostées du jour en France"",""isPartOf"":{""@id"":""https://www.transfermarkt.fr/paris-sportifs/#website""},""primaryImageOfPage"":{""@id"":""https://www.transfermarkt.fr/paris-sportifs/cotes-boostees/#primaryimage""},""image"":{""@id"":""https://www.transfermarkt.fr/paris-sportifs/cotes-boostees/#primaryimage""},""thumbnailUrl"":""https://www.transfermarkt.fr/paris-sportifs/wp-content/uploads/sites/6/2024/08/pmu_cotes_boostees.png"",""datePublished"":""2023-08-04T10:52:22+00:00"",""dateModified"":""2025-10-21T13:19:26+00:00"",""description"":""Qu'est-ce qu'une cote boostée ? Tout savoir sur les cotes boostées en France et dans le monde. Quels bookmakers en proposent ?"",""breadcrumb"":{""@id"":""https://www.transfermarkt.fr/paris-sportifs/cotes-boostees/#breadcrumb""},""inLanguage"":""fr-FR"",""potentialAction"":[{""@type"":""ReadAction"",""target"":[""https://www.transfermarkt.fr/paris-sportifs/cotes-boostees/""]}]},{""@type"":""ImageObject"",""inLanguage"":""fr-FR"",""@id"":""https://www.transfermarkt.fr/paris-sportifs/cotes-boostees/#primaryimage"",""url"":""https://www.transfermarkt.fr/paris-sportifs/wp-content/uploads/sites/6/2024/08/pmu_cotes_boostees.png"",""contentUrl"":""https://www.transfermarkt.fr/paris-sportifs/wp-content/uploads/sites/6/2024/08/pmu_cotes_boostees.png"",""width"":400,""height"":102,""caption"":""odd boost pmu sport""},{""@type"":""BreadcrumbList"",""@id"":""https://www.transfermarkt.fr/paris-sportifs/cotes-boostees/#breadcrumb"",""itemListElement"":[{""@type"":""ListItem"",""position"":1,""name"":""Home"",""item"":""https://www.transfermarkt.fr/paris-sportifs/""},{""@type"":""ListItem"",""position"":2,""name"":""",,
2026-01-03 19:16,Afrique du Sud - Cameroun : Cameroun gagne. Cote 2.49,Boost,,s boostées,,
2026-01-03 19:16,Afrique du Sud - Cameroun : Cameroun gagne. Cote 2.49,Boost,,s boostées PMU – Parions Sport – GenyBet,,
2026-01-03 19:16,Afrique du Sud - Cameroun : Cameroun gagne. Cote 2.49,Boost,"PMU – Avec Parions Sport, PMU est sans doute le bookmaker le plus connu en France. Traditionnellement dédié aux paris hippiques, PMU s’est depuis largement développé sur la partie Sport. Le nombre de boosts ou de Super","n’est pas énorme, mais le bookmaker les choisit de manière très réfléchie. Pour un match ou un événement, il peut y avoir plusieurs offres, celles-ci sont directement affichées dans la rubrique “Super",,
2026-01-03 19:16,Afrique du Sud - Cameroun : Cameroun gagne. Cote 2.49,Boost,,s boostées Parions Sport,,
2026-01-03 19:16,Afrique du Sud - Cameroun : Cameroun gagne. Cote 2.49,Boost,,s boostées Genybet,,
2026-01-03 19:16,Afrique du Sud - Cameroun : Cameroun gagne. Cote 2.49,Boost,GenyBet – Le site de paris sportifs Genybet mise également sur la qualité plutôt que sur la quantité. Genybet appelle ses cotes boostées « Super,"» comme d’autres concurrents. Celles-ci sont généralement disponibles le jour même et renouvelées quotidiennement. Avec notre liste de cotes boostées pour aujourd’hui et les prochains jours, vous ne manquerez aucune cote augmentée chez Genybet.",,
2026-01-03 19:16,Afrique du Sud - Cameroun : Cameroun gagne. Cote 2.49,Boost,,s boostées Winamax,,
2026-01-03 19:16,Afrique du Sud - Cameroun : Cameroun gagne. Cote 2.49,Boost,,s boostées Unibet,,
2026-01-03 19:16,Afrique du Sud - Cameroun : Cameroun gagne. Cote 2.49,Boost,Dans sa section “Super,"s Boostées”, Unibet met en avant des cotes variées sur différents sports et non uniquement sur le football.",,
2026-01-05 07:29,"Bénin et Nigeria gagnent 1-0, 2-0 ou 3-0. Cote 26",Boost,,boostée - Les meilleures cotes boostées du jour en France,,
2026-01-05 07:29,"Bénin et Nigeria gagnent 1-0, 2-0 ou 3-0. Cote 26",Boost,"{""@context"":""https://schema.org"",""@graph"":[{""@type"":""WebPage"",""@id"":""https://www.transfermarkt.fr/paris-sportifs/cotes-boostees/"",""url"":""https://www.transfermarkt.fr/paris-sportifs/cotes-boostees/"",""name"":""","boostée - Les meilleures cotes boostées du jour en France"",""isPartOf"":{""@id"":""https://www.transfermarkt.fr/paris-sportifs/#website""},""primaryImageOfPage"":{""@id"":""https://www.transfermarkt.fr/paris-sportifs/cotes-boostees/#primaryimage""},""image"":{""@id"":""https://www.transfermarkt.fr/paris-sportifs/cotes-boostees/#primaryimage""},""thumbnailUrl"":""https://www.transfermarkt.fr/paris-sportifs/wp-content/uploads/sites/6/2024/08/pmu_cotes_boostees.png"",""datePublished"":""2023-08-04T10:52:22+00:00"",""dateModified"":""2025-10-21T13:19:26+00:00"",""description"":""Qu'est-ce qu'une cote boostée ? Tout savoir sur les cotes boostées en France et dans le monde. Quels bookmakers en proposent ?"",""breadcrumb"":{""@id"":""https://www.transfermarkt.fr/paris-sportifs/cotes-boostees/#breadcrumb""},""inLanguage"":""fr-FR"",""potentialAction"":[{""@type"":""ReadAction"",""target"":[""https://www.transfermarkt.fr/paris-sportifs/cotes-boostees/""]}]},{""@type"":""ImageObject"",""inLanguage"":""fr-FR"",""@id"":""https://www.transfermarkt.fr/paris-sportifs/cotes-boostees/#primaryimage"",""url"":""https://www.transfermarkt.fr/paris-sportifs/wp-content/uploads/sites/6/2024/08/pmu_cotes_boostees.png"",""contentUrl"":""https://www.transfermarkt.fr/paris-sportifs/wp-content/uploads/sites/6/2024/08/pmu_cotes_boostees.png"",""width"":400,""height"":102,""caption"":""odd boost pmu sport""},{""@type"":""BreadcrumbList"",""@id"":""https://www.transfermarkt.fr/paris-sportifs/cotes-boostees/#breadcrumb"",""itemListElement"":[{""@type"":""ListItem"",""position"":1,""name"":""Home"",""item"":""https://www.transfermarkt.fr/paris-sportifs/""},{""@type"":""ListItem"",""position"":2,""name"":""",,
2026-01-05 07:29,"Bénin et Nigeria gagnent 1-0, 2-0 ou 3-0. Cote 26",Boost,,s boostées,,
2026-01-05 07:29,"Bénin et Nigeria gagnent 1-0, 2-0 ou 3-0. Cote 26",Boost,"Bénin et Nigeria gagnent 1-0, 2-0 ou 3-0.",26,,
2026-01-05 07:29,Egypte et Mozambique gagnants. Cote 15,Boost,Egypte et Mozambique gagnants.,15,,
2026-01-05 07:29,"Nigeria, Leicester, Galatasaray, Montpellier et Torreense tous gagnants. Cote 60",Boost,"Nigeria, Leicester, Galatasaray, Montpellier et Torreense tous gagnants.",60,,
2026-01-05 07:29,Leicester City et Nigeria gagnent. Cote 3.5,Boost,Leicester City et Nigeria gagnent.,3.5,,
2026-01-05 07:29,"Nigeria, West Brom et Montpellier tous gagnants et les 2 équipes marquent dans chaque match. Cote 100",Boost,"Nigeria, West Brom et Montpellier tous gagnants et les 2 équipes marquent dans chaque match.",100,,
2026-01-05 07:29,"Leicester, West Brom et Dunkerque marquent dans les 2 mi-temps. Cote 90",Boost,"Leicester, West Brom et Dunkerque marquent dans les 2 mi-temps.",90,,
2026-01-05 07:29,"Leicester et Vizela gagnent 2-1, 3-1 ou 4-1. Cote 40",Boost,"Leicester et Vizela gagnent 2-1, 3-1 ou 4-1.",40,,
2026-01-05 07:29,"Bénin et Nigeria gagnent 1-0, 2-0 ou 3-0. Cote 26",Boost,,s boostées PMU – Parions Sport – GenyBet,,
2026-01-05 07:29,"Bénin et Nigeria gagnent 1-0, 2-0 ou 3-0. Cote 26",Boost,"PMU – Avec Parions Sport, PMU est sans doute le bookmaker le plus connu en France. Traditionnellement dédié aux paris hippiques, PMU s’est depuis largement développé sur la partie Sport. Le nombre de boosts ou de Super","n’est pas énorme, mais le bookmaker les choisit de manière très réfléchie. Pour un match ou un événement, il peut y avoir plusieurs offres, celles-ci sont directement affichées dans la rubrique “Super",,
2026-01-05 07:29,"Bénin et Nigeria gagnent 1-0, 2-0 ou 3-0. Cote 26",Boost,,s boostées Parions Sport,,
2026-01-05 07:29,"Bénin et Nigeria gagnent 1-0, 2-0 ou 3-0. Cote 26",Boost,,s boostées Genybet,,
2026-01-05 07:29,"Bénin et Nigeria gagnent 1-0, 2-0 ou 3-0. Cote 26",Boost,GenyBet – Le site de paris sportifs Genybet mise également sur la qualité plutôt que sur la quantité. Genybet appelle ses cotes boostées « Super,"» comme d’autres concurrents. Celles-ci sont généralement disponibles le jour même et renouvelées quotidiennement. Avec notre liste de cotes boostées pour aujourd’hui et les prochains jours, vous ne manquerez aucune cote augmentée chez Genybet.",,
2026-01-05 07:29,"Bénin et Nigeria gagnent 1-0, 2-0 ou 3-0. Cote 26",Boost,,s boostées Winamax,,
2026-01-05 07:29,"Bénin et Nigeria gagnent 1-0, 2-0 ou 3-0. Cote 26",Boost,,s boostées Unibet,,
2026-01-05 07:29,"Bénin et Nigeria gagnent 1-0, 2-0 ou 3-0. Cote 26",Boost,Dans sa section “Super,"s Boostées”, Unibet met en avant des cotes variées sur différents sports et non uniquement sur le football.",,
2026-01-05 08:35,Egypte réussit 9 tirs cadrés ou + & obtient 10 corners ou + (90mins). Cote 50,Boost,,boostée - Les meilleures cotes boostées du jour en France,,
2026-01-05 08:35,Egypte réussit 9 tirs cadrés ou + & obtient 10 corners ou + (90mins). Cote 50,Boost,"{""@context"":""https://schema.org"",""@graph"":[{""@type"":""WebPage"",""@id"":""https://www.transfermarkt.fr/paris-sportifs/cotes-boostees/"",""url"":""https://www.transfermarkt.fr/paris-sportifs/cotes-boostees/"",""name"":""","boostée - Les meilleures cotes boostées du jour en France"",""isPartOf"":{""@id"":""https://www.transfermarkt.fr/paris-sportifs/#website""},""primaryImageOfPage"":{""@id"":""https://www.transfermarkt.fr/paris-sportifs/cotes-boostees/#primaryimage""},""image"":{""@id"":""https://www.transfermarkt.fr/paris-sportifs/cotes-boostees/#primaryimage""},""thumbnailUrl"":""https://www.transfermarkt.fr/paris-sportifs/wp-content/uploads/sites/6/2024/08/pmu_cotes_boostees.png"",""datePublished"":""2023-08-04T10:52:22+00:00"",""dateModified"":""2025-10-21T13:19:26+00:00"",""description"":""Qu'est-ce qu'une cote boostée ? Tout savoir sur les cotes boostées en France et dans le monde. Quels bookmakers en proposent ?"",""breadcrumb"":{""@id"":""https://www.transfermarkt.fr/paris-sportifs/cotes-boostees/#breadcrumb""},""inLanguage"":""fr-FR"",""potentialAction"":[{""@type"":""ReadAction"",""target"":[""https://www.transfermarkt.fr/paris-sportifs/cotes-boostees/""]}]},{""@type"":""ImageObject"",""inLanguage"":""fr-FR"",""@id"":""https://www.transfermarkt.fr/paris-sportifs/cotes-boostees/#primaryimage"",""url"":""https://www.transfermarkt.fr/paris-sportifs/wp-content/uploads/sites/6/2024/08/pmu_cotes_boostees.png"",""contentUrl"":""https://www.transfermarkt.fr/paris-sportifs/wp-content/uploads/sites/6/2024/08/pmu_cotes_boostees.png"",""width"":400,""height"":102,""caption"":""odd boost pmu sport""},{""@type"":""BreadcrumbList"",""@id"":""https://www.transfermarkt.fr/paris-sportifs/cotes-boostees/#breadcrumb"",""itemListElement"":[{""@type"":""ListItem"",""position"":1,""name"":""Home"",""item"":""https://www.transfermarkt.fr/paris-sportifs/""},{""@type"":""ListItem"",""position"":2,""name"":""",,
2026-01-05 08:35,Egypte réussit 9 tirs cadrés ou + & obtient 10 corners ou + (90mins). Cote 50,Boost,,s boostées,,
2026-01-05 08:35,Egypte réussit 9 tirs cadrés ou + & obtient 10 corners ou + (90mins). Cote 50,Boost,Egypte réussit 9 tirs cadrés ou + & obtient 10 corners ou + (90mins).,50,,
2026-01-05 08:35,Nigéria réussit 10 tirs cadrés ou + & obtient 11 corners ou + (90mins). Cote 45,Boost,Nigéria réussit 10 tirs cadrés ou + & obtient 11 corners ou + (90mins).,45,,
2026-01-05 08:35,Leicester City - West Bromwich : Match nul. Cote 3.32,Boost,Leicester City - West Bromwich : Match nul.,3.32,,
2026-01-05 08:35,Leicester City - West Bromwich Albion : Les gardiens réussissent 10 arrêts ou + à eux deux. Cote 17,Boost,Leicester City - West Bromwich Albion : Les gardiens réussissent 10 arrêts ou + à eux deux.,17,,
2026-01-05 08:35,Egypte réussit 9 tirs cadrés ou + & obtient 10 corners ou + (90mins). Cote 50,Boost,,s boostées PMU – Parions Sport – GenyBet,,
2026-01-05 08:35,Egypte réussit 9 tirs cadrés ou + & obtient 10 corners ou + (90mins). Cote 50,Boost,"PMU – Avec Parions Sport, PMU est sans doute le bookmaker le plus connu en France. Traditionnellement dédié aux paris hippiques, PMU s’est depuis largement développé sur la partie Sport. Le nombre de boosts ou de Super","n’est pas énorme, mais le bookmaker les choisit de manière très réfléchie. Pour un match ou un événement, il peut y avoir plusieurs offres, celles-ci sont directement affichées dans la rubrique “Super",,
2026-01-05 08:35,Egypte réussit 9 tirs cadrés ou + & obtient 10 corners ou + (90mins). Cote 50,Boost,,s boostées Parions Sport,,
2026-01-05 08:35,Egypte réussit 9 tirs cadrés ou + & obtient 10 corners ou + (90mins). Cote 50,Boost,,s boostées Genybet,,
2026-01-05 08:35,Egypte réussit 9 tirs cadrés ou + & obtient 10 corners ou + (90mins). Cote 50,Boost,GenyBet – Le site de paris sportifs Genybet mise également sur la qualité plutôt que sur la quantité. Genybet appelle ses cotes boostées « Super,"» comme d’autres concurrents. Celles-ci sont généralement disponibles le jour même et renouvelées quotidiennement. Avec notre liste de cotes boostées pour aujourd’hui et les prochains jours, vous ne manquerez aucune cote augmentée chez Genybet.",,
2026-01-05 08:35,Egypte réussit 9 tirs cadrés ou + & obtient 10 corners ou + (90mins). Cote 50,Boost,,s boostées Winamax,,
2026-01-05 08:35,Egypte réussit 9 tirs cadrés ou + & obtient 10 corners ou + (90mins). Cote 50,Boost,,s boostées Unibet,,
2026-01-05 08:35,Egypte réussit 9 tirs cadrés ou + & obtient 10 corners ou + (90mins). Cote 50,Boost,Dans sa section “Super,"s Boostées”, Unibet met en avant des cotes variées sur différents sports et non uniquement sur le football.",,
2026-01-05 16:28,"Nigeria, Leicester, Galatasaray, Montpellier et Torreense tous gagnants. Cote 60",Boost,,boostée - Les meilleures cotes boostées du jour en France,,
2026-01-05 16:28,"Nigeria, Leicester, Galatasaray, Montpellier et Torreense tous gagnants. Cote 60",Boost,"{""@context"":""https://schema.org"",""@graph"":[{""@type"":""WebPage"",""@id"":""https://www.transfermarkt.fr/paris-sportifs/cotes-boostees/"",""url"":""https://www.transfermarkt.fr/paris-sportifs/cotes-boostees/"",""name"":""","boostée - Les meilleures cotes boostées du jour en France"",""isPartOf"":{""@id"":""https://www.transfermarkt.fr/paris-sportifs/#website""},""primaryImageOfPage"":{""@id"":""https://www.transfermarkt.fr/paris-sportifs/cotes-boostees/#primaryimage""},""image"":{""@id"":""https://www.transfermarkt.fr/paris-sportifs/cotes-boostees/#primaryimage""},""thumbnailUrl"":""https://www.transfermarkt.fr/paris-sportifs/wp-content/uploads/sites/6/2024/08/pmu_cotes_boostees.png"",""datePublished"":""2023-08-04T10:52:22+00:00"",""dateModified"":""2025-10-21T13:19:26+00:00"",""description"":""Qu'est-ce qu'une cote boostée ? Tout savoir sur les cotes boostées en France et dans le monde. Quels bookmakers en proposent ?"",""breadcrumb"":{""@id"":""https://www.transfermarkt.fr/paris-sportifs/cotes-boostees/#breadcrumb""},""inLanguage"":""fr-FR"",""potentialAction"":[{""@type"":""ReadAction"",""target"":[""https://www.transfermarkt.fr/paris-sportifs/cotes-boostees/""]}]},{""@type"":""ImageObject"",""inLanguage"":""fr-FR"",""@id"":""https://www.transfermarkt.fr/paris-sportifs/cotes-boostees/#primaryimage"",""url"":""https://www.transfermarkt.fr/paris-sportifs/wp-content/uploads/sites/6/2024/08/pmu_cotes_boostees.png"",""contentUrl"":""https://www.transfermarkt.fr/paris-sportifs/wp-content/uploads/sites/6/2024/08/pmu_cotes_boostees.png"",""width"":400,""height"":102,""caption"":""odd boost pmu sport""},{""@type"":""BreadcrumbList"",""@id"":""https://www.transfermarkt.fr/paris-sportifs/cotes-boostees/#breadcrumb"",""itemListElement"":[{""@type"":""ListItem"",""position"":1,""name"":""Home"",""item"":""https://www.transfermarkt.fr/paris-sportifs/""},{""@type"":""ListItem"",""position"":2,""name"":""",,
2026-01-05 16:28,"Nigeria, Leicester, Galatasaray, Montpellier et Torreense tous gagnants. Cote 60",Boost,,s boostées,,
2026-01-05 16:28,Algérie et Côte d'Ivoire gagnent. Cote 4,Boost,Algérie et Côte d'Ivoire gagnent.,4,,
2026-01-05 16:28,"Fenerbahçe SK, Rayo Vallecano et Sporting Clube de Portugal gagnent. Cote 5",Boost,"Fenerbahçe SK, Rayo Vallecano et Sporting Clube de Portugal gagnent.",5,,
2026-01-05 16:28,"Nigeria, Leicester, Galatasaray, Montpellier et Torreense tous gagnants. Cote 60",Boost,,s boostées PMU – Parions Sport – GenyBet,,
2026-01-05 16:28,"Nigeria, Leicester, Galatasaray, Montpellier et Torreense tous gagnants. Cote 60",Boost,"PMU – Avec Parions Sport, PMU est sans doute le bookmaker le plus connu en France. Traditionnellement dédié aux paris hippiques, PMU s’est depuis largement développé sur la partie Sport. Le nombre de boosts ou de Super","n’est pas énorme, mais le bookmaker les choisit de manière très réfléchie. Pour un match ou un événement, il peut y avoir plusieurs offres, celles-ci sont directement affichées dans la rubrique “Super",,
2026-01-05 16:28,"Nigeria, Leicester, Galatasaray, Montpellier et Torreense tous gagnants. Cote 60",Boost,,s boostées Parions Sport,,
2026-01-05 16:28,"Nigeria, Leicester, Galatasaray, Montpellier et Torreense tous gagnants. Cote 60",Boost,,s boostées Genybet,,
2026-01-05 16:28,"Nigeria, Leicester, Galatasaray, Montpellier et Torreense tous gagnants. Cote 60",Boost,GenyBet – Le site de paris sportifs Genybet mise également sur la qualité plutôt que sur la quantité. Genybet appelle ses cotes boostées « Super,"» comme d’autres concurrents. Celles-ci sont généralement disponibles le jour même et renouvelées quotidiennement. Avec notre liste de cotes boostées pour aujourd’hui et les prochains jours, vous ne manquerez aucune cote augmentée chez Genybet.",,
2026-01-05 16:28,"Nigeria, Leicester, Galatasaray, Montpellier et Torreense tous gagnants. Cote 60",Boost,,s boostées Winamax,,
2026-01-05 16:28,"Nigeria, Leicester, Galatasaray, Montpellier et Torreense tous gagnants. Cote 60",Boost,,s boostées Unibet,,
2026-01-05 16:28,"Nigeria, Leicester, Galatasaray, Montpellier et Torreense tous gagnants. Cote 60",Boost,Dans sa section “Super,"s Boostées”, Unibet met en avant des cotes variées sur différents sports et non uniquement sur le football.",,
